<?xml version="1.0" encoding="UTF-8"?>
<beans xmlns="http://www.springframework.org/schema/beans"
    xmlns:xsi="http://www.w3.org/2001/XMLSchema-instance"
    xsi:schemaLocation="
        http://www.springframework.org/schema/beans http://www.springframework.org/schema/beans/spring-beans.xsd">

    <!-- Bean for Address -->
    <bean class="in.sp.adds.address" id="add">
        <property name="street" value="25"></property>
        <property name="pincode" value="22"></property>
    </bean>

    <!-- Bean for Student -->
    <bean class="in.sp.beans.Student" id="std">
        <property name="name" value="burg"></property>
        <property name="rollno" value="21"></property>
        <property name="address" ref="add"></property>
    </bean>
</beans>
